{"AnglePos":{"MainPos":{"CenterPos":[0.0,0.8999999761581421,0.0],"TranPos":[0.12758959829807282,0.9226675033569336,-4.000579833984375],"TranFor":[-0.009232880547642708,0.02308697998523712,0.9996907711029053],"TranRot":[358.6770935058594,359.47088623046877,0.0],"TranOffset":[0.0,0.0,0.0],"Distance":[0.019999999552965165,15.0],"PitchAngle":[-20.0,80.0],"remark":"","bl_Editor":false},"InfoPos":{"CenterPos":[0.0,0.5830000042915344,0.0],"TranPos":[-0.5420299768447876,1.0902899503707886,-3.6128740310668947],"TranFor":[0.24204179644584657,-0.033243030309677127,0.9696962237358093],"TranRot":[1.9050359725952149,14.014989852905274,0.0],"TranOffset":[0.0,0.0,0.0],"Distance":[0.20000000298023225,6.0],"PitchAngle":[-20.0,80.0],"remark":"","bl_Editor":false},"ProcessPos":{"CenterPos":[0.0,0.5830000042915344,0.0],"TranPos":[0.14288780093193055,1.4734699726104737,-0.8808323740959168],"TranFor":[-0.278573602437973,-0.5096238255500794,0.8140516877174377],"TranRot":[30.63878059387207,341.10870361328127,-4.961507897860429e-7],"TranOffset":[0.0,0.0,0.0],"Distance":[0.20000000298023225,6.0],"PitchAngle":[-20.0,80.0],"remark":"","bl_Editor":false},"ProcessPartPos":{"CenterPos":[0.0,0.0,0.0],"TranPos":[0.0863630399107933,-0.10888539999723435,0.32779261469841006],"TranFor":[-0.2541806101799011,0.3420198857784271,-0.9046629071235657],"TranRot":[340.0,195.693603515625,2.271416974508611e-7],"TranOffset":[0.0,0.0,0.0],"Distance":[0.20000000298023225,6.0],"PitchAngle":[-20.0,80.0],"remark":"","bl_Editor":false},"MatchPos":{"CenterPos":[0.0,0.5830000042915344,0.0],"TranPos":[0.34346818923950198,1.1459239721298218,-4.028934001922607],"TranFor":[0.011081850156188012,-0.002814359962940216,0.9999346137046814],"TranRot":[0.16125120222568513,0.6349586844444275,-1.0422079865790579e-10],"TranOffset":[0.0,0.0,0.0],"Distance":[0.20000000298023225,6.0],"PitchAngle":[-20.0,80.0],"remark":"","bl_Editor":false},"MatchPreviewPos":{"CenterPos":[0.0,0.0,0.0],"TranPos":[0.8496789932250977,1.0344610214233399,-4.303244113922119],"TranFor":[-0.06368201225996018,0.005541429854929447,0.997954785823822],"TranRot":[359.6824951171875,356.3487854003906,0.0],"TranOffset":[0.0,0.0,0.0],"Distance":[0.11999999731779099,6.0],"PitchAngle":[-20.0,80.0],"remark":"","bl_Editor":false},"SizePos":{"CenterPos":[0.0,0.5830000042915344,0.0],"TranPos":[0.7510597705841065,1.1337029933929444,-3.8967831134796144],"TranFor":[-0.016621330752968789,-0.00554147781804204,0.9998465180397034],"TranRot":[0.3175049126148224,359.047607421875,2.0844399817310234e-10],"TranOffset":[0.0,0.0,0.0],"Distance":[0.20000000298023225,6.0],"PitchAngle":[-20.0,80.0],"remark":"","bl_Editor":false},"ExplodePos":{"CenterPos":[0.0,0.5830000042915344,0.0],"TranPos":[-1.8693079948425294,2.363679885864258,-5.178187847137451],"TranFor":[0.4179180860519409,-0.14087960124015809,0.8974950909614563],"TranRot":[8.098746299743653,24.969009399414064,1.0779680081896004e-7],"TranOffset":[0.0,0.0,0.0],"Distance":[0.20000000298023225,8.0],"PitchAngle":[-20.0,80.0],"remark":"","bl_Editor":false},"ProcessSizePos":{"CenterPos":[0.0,0.5830000042915344,0.0],"TranPos":[0.7897893786430359,1.267164945602417,-1.8824859857559205],"TranFor":[-0.37280750274658205,-0.15731780230998994,0.9144756197929382],"TranRot":[9.05124568939209,337.8205871582031,2.161346941420561e-7],"TranOffset":[0.0,0.0,0.0],"Distance":[0.20000000298023225,6.0],"PitchAngle":[-20.0,80.0],"remark":"","bl_Editor":false},"ExplodeInfoPos":[{"CenterPos":[2.141396999359131,0.6210231184959412,-1.356220006942749],"TranPos":[3.876739978790283,2.478245973587036,0.13595150411128999],"TranFor":[-0.6019914150238037,-0.7061960101127625,-0.3726842999458313],"TranRot":[44.92625045776367,238.23890686035157,0.0],"TranOffset":[0.0,0.0,0.0],"Distance":[0.019999999552965165,3.0],"PitchAngle":[-20.0,80.0],"remark":"","bl_Editor":false},{"CenterPos":[0.06794202327728272,0.4635593891143799,-0.1875188946723938],"TranPos":[-1.8822259902954102,2.0390729904174806,-1.7329570055007935],"TranFor":[0.7157536149024963,-0.5979626774787903,0.36074578762054446],"TranRot":[36.72412109375,63.25149917602539,0.0],"TranOffset":[0.0,0.0,0.0],"Distance":[0.019999999552965165,3.0],"PitchAngle":[-20.0,80.0],"remark":"","bl_Editor":false},{"CenterPos":[-2.2430291175842287,1.0664490461349488,1.4825830459594727],"TranPos":[-2.8337481021881105,1.1175639629364014,3.6812469959259035],"TranFor":[-0.020986730232834817,-0.011126699857413769,-0.9997180104255676],"TranRot":[0.6375259757041931,181.20260620117188,4.1690750851586247e-10],"TranOffset":[0.0,0.0,0.0],"Distance":[0.019999999552965165,3.0],"PitchAngle":[-20.0,80.0],"remark":"","bl_Editor":false},{"CenterPos":[-1.0010000467300416,1.434000015258789,1.246999979019165],"TranPos":[-1.2315900325775147,1.2844640016555787,-0.2470339983701706],"TranFor":[0.4161241948604584,0.07653751969337464,0.9060810208320618],"TranRot":[355.61041259765627,24.66728973388672,1.070357029675506e-7],"TranOffset":[0.0,0.0,0.0],"Distance":[0.019999999552965165,3.0],"PitchAngle":[-20.0,80.0],"remark":"","bl_Editor":false},{"CenterPos":[0.09864015132188797,1.4793230295181275,1.3481459617614747],"TranPos":[0.48508450388908389,1.6360609531402588,-0.32435789704322817],"TranFor":[-0.04929272085428238,-0.34985989332199099,0.9355043172836304],"TranRot":[20.478750228881837,356.9837951660156,5.696064064864004e-8],"TranOffset":[0.0,0.0,0.0],"Distance":[0.019999999552965165,3.0],"PitchAngle":[-20.0,80.0],"remark":"","bl_Editor":false},{"CenterPos":[2.004875898361206,0.4975939095020294,1.4076670408248902],"TranPos":[1.2663840055465699,1.8783320188522339,0.22443769872188569],"TranFor":[0.648129403591156,-0.5717464089393616,0.5030251741409302],"TranRot":[34.872100830078128,52.18429946899414,-0.0000010406409955976415],"TranOffset":[0.0,0.0,0.0],"Distance":[0.019999999552965165,3.0],"PitchAngle":[-20.0,80.0],"remark":"","bl_Editor":false},{"CenterPos":[-2.1124799251556398,0.8028069734573364,-1.609104037284851],"TranPos":[-1.7141770124435425,0.8648908734321594,-3.3999509811401369],"TranFor":[0.0912950187921524,0.01662353053689003,0.9956851005554199],"TranRot":[359.0474853515625,5.238839149475098,0.0],"TranOffset":[0.0,0.0,0.0],"Distance":[0.019999999552965165,2.5],"PitchAngle":[-20.0,80.0],"remark":"","bl_Editor":false},{"CenterPos":[],"TranPos":[],"TranFor":[],"TranRot":[],"TranOffset":[],"Distance":[],"PitchAngle":[],"remark":"","bl_Editor":false},{"CenterPos":[],"TranPos":[],"TranFor":[],"TranRot":[],"TranOffset":[],"Distance":[],"PitchAngle":[],"remark":"","bl_Editor":false},{"CenterPos":[],"TranPos":[],"TranFor":[],"TranRot":[],"TranOffset":[],"Distance":[],"PitchAngle":[],"remark":"","bl_Editor":false},{"CenterPos":[],"TranPos":[],"TranFor":[],"TranRot":[],"TranOffset":[],"Distance":[],"PitchAngle":[],"remark":"","bl_Editor":false},{"CenterPos":[],"TranPos":[],"TranFor":[],"TranRot":[],"TranOffset":[],"Distance":[],"PitchAngle":[],"remark":"","bl_Editor":false},{"CenterPos":[],"TranPos":[],"TranFor":[],"TranRot":[],"TranOffset":[],"Distance":[],"PitchAngle":[],"remark":"","bl_Editor":false},{"CenterPos":[],"TranPos":[],"TranFor":[],"TranRot":[],"TranOffset":[],"Distance":[],"PitchAngle":[],"remark":"","bl_Editor":false},{"CenterPos":[],"TranPos":[],"TranFor":[],"TranRot":[],"TranOffset":[],"Distance":[],"PitchAngle":[],"remark":"","bl_Editor":false},{"CenterPos":[],"TranPos":[],"TranFor":[],"TranRot":[],"TranOffset":[],"Distance":[],"PitchAngle":[],"remark":"","bl_Editor":false},{"CenterPos":[],"TranPos":[],"TranFor":[],"TranRot":[],"TranOffset":[],"Distance":[],"PitchAngle":[],"remark":"","bl_Editor":false},{"CenterPos":[],"TranPos":[],"TranFor":[],"TranRot":[],"TranOffset":[],"Distance":[],"PitchAngle":[],"remark":"","bl_Editor":false},{"CenterPos":[],"TranPos":[],"TranFor":[],"TranRot":[],"TranOffset":[],"Distance":[],"PitchAngle":[],"remark":"","bl_Editor":false}],"MatchInfoPos":[{"CenterPos":[0.5164533257484436,1.4719610214233399,-0.8790000081062317],"TranPos":[0.5754770040512085,1.4752709865570069,-3.0347468852996828],