{"AnglePos":{"MainPos":{"CenterPos":[0,0.9,0],"TranPos":[0.1275896,0.9226675,-4.00058],"TranFor":[-0.009232881,0.02308698,0.9996908],"TranRot":[358.6771,359.4709,0],"TranOffset":[0,0,0],"Distance":[0.02,15],"PitchAngle":[-20,80]},"InfoPos":{"CenterPos":[0,0.583,0],"TranPos":[-0.54203,1.09029,-3.612874],"TranFor":[0.2420418,-0.03324303,0.9696962],"TranRot":[1.905036,14.01499,0],"TranOffset":[0,0,0],"Distance":[0.2,6],"PitchAngle":[-20,80]},"SizePos":{"CenterPos":[0,0.583,0],"TranPos":[0.7510598,1.133703,-3.896783],"TranFor":[-0.01662133,-0.005541478,0.9998465],"TranRot":[0.3175049,359.0476,2.08444e-10],"TranOffset":[0,0,0],"Distance":[0.2,6],"PitchAngle":[-20,80]},"ExplodePos":{"CenterPos":[0,0.583,0],"TranPos":[-1.869308,2.36368,-5.178188],"TranFor":[0.4179181,-0.1408796,0.8974951],"TranRot":[8.098746,24.96901,1.077968e-7],"TranOffset":[0,0,0],"Distance":[0.2,8],"PitchAngle":[-20,80]},"ProcessSizePos":{"CenterPos":[0,0.583,0],"TranPos":[0.7897894,1.267165,-1.882486],"TranFor":[-0.3728075,-0.1573178,0.9144756],"TranRot":[9.051246,337.8206,2.161347e-7],"TranOffset":[0,0,0],"Distance":[0.2,6],"PitchAngle":[-20,80]},"ProcessPos":{"CenterPos":[0,0.583,0],"TranPos":[0.1428878,1.47347,-0.8808324],"TranFor":[-0.2785736,-0.5096238,0.8140517],"TranRot":[30.63878,341.1087,-4.961508e-7],"TranOffset":[0,0,0],"Distance":[0.2,6],"PitchAngle":[-20,80]},"ProcessPartPos":{"CenterPos":[0,0,0],"TranPos":[0.08636304,-0.1088854,0.3277926],"TranFor":[-0.2541806,0.3420199,-0.9046629],"TranRot":[340,195.6936,2.271417e-7],"TranOffset":[0,0,0],"Distance":[0.2,6],"PitchAngle":[-20,80]},"MatchPos":{"CenterPos":[0,0.583,0],"TranPos":[0.3434682,1.145924,-4.028934],"TranFor":[0.01108185,-0.00281436,0.9999346],"TranRot":[0.1612512,0.6349587,-1.042208e-10],"TranOffset":[0,0,0],"Distance":[0.2,6],"PitchAngle":[-20,80]},"MatchPreviewPos":{"CenterPos":[0,0,0],"TranPos":[0.8496789932250977,1.0344610214233398,-4.303244113922119],"TranFor":[-0.06368201225996017,0.005541429854929447,0.997954785823822],"TranRot":[359.6824951171875,356.3487854003906,0],"TranOffset":[0,0,0],"Distance":[0.11999999955296517,6],"PitchAngle":[-20,80]},"ExplodeInfoPos":[{"CenterPos":[2.141397,0.6210231,-1.35622],"TranPos":[3.87674,2.478246,0.1359515],"TranFor":[-0.6019914,-0.706196,-0.3726843],"TranRot":[44.92625,238.2389,0],"TranOffset":[0,0,0],"Distance":[0.02,3],"PitchAngle":[-20,80]},{"CenterPos":[0.06794202,0.4635594,-0.1875189],"TranPos":[-1.882226,2.039073,-1.732957],"TranFor":[0.7157536,-0.5979627,0.3607458],"TranRot":[36.72412,63.2515,0],"TranOffset":[0,0,0],"Distance":[0.02,3],"PitchAngle":[-20,80]},{"CenterPos":[-2.243029,1.066449,1.482583],"TranPos":[-2.833748,1.117564,3.681247],"TranFor":[-0.02098673,-0.0111267,-0.999718],"TranRot":[0.637526,181.2026,4.169075e-10],"TranOffset":[0,0,0],"Distance":[0.02,3],"PitchAngle":[-20,80]},{"CenterPos":[-1.001,1.434,1.247],"TranPos":[-1.23159,1.284464,-0.247034],"TranFor":[0.4161242,0.07653752,0.906081],"TranRot":[355.6104,24.66729,1.070357e-7],"TranOffset":[0,0,0],"Distance":[0.02,3],"PitchAngle":[-20,80]},{"CenterPos":[0.09864015,1.479323,1.348146],"TranPos":[0.4850845,1.636061,-0.3243579],"TranFor":[-0.04929272,-0.3498599,0.9355043],"TranRot":[20.47875,356.9838,5.696064e-8],"TranOffset":[0,0,0],"Distance":[0.02,3],"PitchAngle":[-20,80]},{"CenterPos":[2.004876,0.4975939,1.407667],"TranPos":[1.266384,1.878332,0.2244377],"TranFor":[0.6481294,-0.5717464,0.5030252],"TranRot":[34.8721,52.1843,-0.000001040641],"TranOffset":[0,0,0],"Distance":[0.02,3],"PitchAngle":[-20,80]},{"CenterPos":[-2.11248,0.802807,-1.609104],"TranPos":[-1.714177,0.8648909,-3.399951],"TranFor":[0.09129502,0.01662353,0.9956851],"TranRot":[359.0475,5.238839,0],"TranOffset":[0,0,0],"Distance":[0.02,2.5],"PitchAngle":[-20,80]}],"MatchInfoPos":[{"CenterPos":[0.5164533,1.471961,-0.879],"TranPos":[0.575477,1.475271,-3.034747],"TranFor":[0.01662306,0.0008797565,0.9998614],"TranRot":[359.9496,0.9524757,-2.605511e-11],"TranOffset":[0,0,0],"Distance":[0.02,2.5],"PitchAngle":[-20,80]},{"CenterPos":[-0.7333798,0.4037527,0.05563784],"TranPos":[-1.773829,1.764701,1.479242],"TranFor":[0.4191684,-0.5564957,-0.7173637],"TranRot":[33.81379,149.7015,0],"TranOffset":[0,0,0],"Distance":[0.02,2.5],"PitchAngle":[-20,80]},{"CenterPos":[-0.7236878,1.089447,-0.3812964],"TranPos":[-1.565538,1.657627,-2.046991],"TranFor":[0.5089659,-0.2646448,0.8190951],"TranRot":[15.34585,31.85582,0],"TranOffset":[0,0,0],"Distance":[0.02,2.5],"PitchAngle":[-20,80]},{"CenterPos":[0.06118162,0.8442374,0.06248142],"TranPos":[-1.496434,1.89336,1.336466],"TranFor":[0.5960317,-0.4239233,-0.6819351],"TranRot":[25.08253,138.8456,0],"TranOffset":[0,0,0],"Distance":[0.02,2.5],"PitchAngle":[-20,80]},{"CenterPos":[5.960464e-8,0.9638879,0.2203339],"TranPos":[-1.143479,1.638637,1.55274],"TranFor":[0.5068821,-0.2671473,-0.819575],"TranRot":[15.49458,148.2645,-4.429868e-7],"TranOffset":[0,0,0],"Distance":[0.02,2.5],"PitchAngle":[-20,80]},{"CenterPos":[0.06794202,0.4635594,-0.187519],"TranPos":[0.2747475,1.530218,-2.242516],"TranFor":[0.02039915,-0.3910325,0.9201508],"TranRot":[23.01876,1.270003,0],"TranOffset":[0,0,0],"Distance":[0.02,2.5],"PitchAngle":[-20,80]},{"CenterPos":[0.30669,1.479323,0.03281927],"TranPos":[-0.7216889,1.509291,-1.753845],"TranFor":[0.5770293,-0.005541639,0.8167047],"TranRot":[0.3175142,35.24249,0],"TranOffset":[0,0,0],"Distance":[0.02,2.5],"PitchAngle":[-20,80]},{"CenterPos":[-0.8676319,0.802807,-0.2410142],"TranPos":[-1.611456,0.9887027,-2.218436],"TranFor":[0.4183179,-0.05261989,0.9067752],"TranRot":[3.016291,24.76505,5.343488e-8],"TranOffset":[0,0,0],"Distance":[0.02,2.5],"PitchAngle":[-20,80]},{"CenterPos":[0.638228,0.4975939,0.4212044],"TranPos":[1.69025,1.862422,1.82854],"TranFor":[-0.5535367,-0.4928415,-0.6713451],"TranRot":[29.52752,219.5062,-9.812148e-7],"TranOffset":[0,0,0],"Distance":[0.02,2.5],"PitchAngle":[-20,80]},{"CenterPos":[0,0.583,0],"TranPos":[2.812458,1.929904,2.809154],"TranFor":[-0.6688445,-0.3420616,-0.6600311],"TranRot":[20.00253,225.38,0],"TranOffset":[0,0,0],"Distance":[0.02,3],"PitchAngle":[-20,80]},{"CenterPos":[-0.4906083,1.063572,-0.5815485],"TranPos":[1.063785,1.540196,-2.21548],"TranFor":[-0.5627342,-0.2035992,0.8011726],"TranRot":[11.74751,324.9163,-2.180097e-7],"TranOffset":[0,0,0],"Distance":[0.02,3],"PitchAngle":[-20,80]},{"CenterPos":[0.3158125,2.014084,-0.7312344],"TranPos":[-1.414707,3.217274,-1.605787],"TranFor":[0.5635079,-0.7159374,0.4121801],"TranRot":[45.72008,53.81625,0.000002445767],"TranOffset":[0,0,0],"Distance":[0.02,3.5],"PitchAngle":[-20,80]}]},"Main":{"Animations":[{"Collider":"T33_zhinengxitong_Collider","Anims":["T33_zhinengxitong-01"]},{"Collider":"T33_diandongmen_Collider","Anims":["T33_diandongmen"]},{"Collider":"T33_rightdoor_Collider","Anims":["T33_rightdoor"]},{"Collider":"T33_dianxiang_Collider","Anims":["T33_dianxiang_right","T33_dianxiang_left"]},{"Collider":"T33_backdoor_Collider","Anims":["T33_back_leftdoor","T33_back_rightdoor"]},{"Collider":"T33_main_Collider","Anims":[]}],"State":{"Hide":["T33_houpaixie-S"],"Show":[]}},"Infomation":{"SizeInfo":{"SideChipState":{"Hide":["help_T33_houpaixie_boom"],"Show":[]},"AfterChipState":{"Hide":["help_T33_cepaixie_boom","T33_houpaixie_hide-S","T33_back_leftdoor-S","T33_back_rightdoor-S"],"Show":[]},"SizeAngle":[{"MinPitch":-40,"MaxPitch":60,"Yaw":[{"MinAngle":315,"MaxAngle":44,"Models_AfterChip":[],"Models_SideChip":["T33_size_01","T33_size_11"]},{"MinAngle":45,"MaxAngle":134,"Models_AfterChip":["T33_size_02","T33_size_03","T33_size_04","T33_size_05","T33_size_13"],"Models_SideChip":[]},{"MinAngle":135,"MaxAngle":224,"Models_AfterChip":[],"Models_SideChip":["T33_size_08","T33_size_10","T33_size_12"]},{"MinAngle":225,"MaxAngle":314,"Models_AfterChip":[],"Models_SideChip":["T33_size_07","T33_size_09"]}]},{"MinPitch":61,"MaxPitch":90,"Yaw":[{"MinAngle":0,"MaxAngle":359,"Models_AfterChip":[],"Models_SideChip":["T33_size_06"]}]}]},"ExplodeInfo":{"InfoMessage":[{"Collider":"T33_paixiefangshi_boom_Collider",